{
  "assetsByChunkName": {
    "vendors~app-account~app-checkout~app-confirmation~app-order": "chunk.737fa2f75659e60e79fd.js",
    "vendors~app-account~app-confirmation~app-order": "chunk.fc70bcc18796698611c8.js",
    "vendors~app-account~app-checkout": "chunk.8c01bf5a9277e18c7a38.js",
    "admin": [
      "admin.56055d2d0cc2cd227cb9.js",
      "admin.56055d2d0cc2cd227cb9.js.map"
    ],
    "app-account": "chunk.48b3489588b3828d2325.js",
    "app-confirmation": "chunk.eea4934404167d3b1200.js",
    "app-order": "chunk.5d47f45f2abc9d57e969.js",
    "checkout": [
      "checkout.838bb23fdf4c0056bdfe.js",
      "checkout.838bb23fdf4c0056bdfe.js.map"
    ],
    "storefront": [
      "storefront.e749dfd17884e47a0a8d.css",
      "storefront.97a72ff532f9f821bc4b.js",
      "storefront.e749dfd17884e47a0a8d.css.map",
      "storefront.97a72ff532f9f821bc4b.js.map"
    ],
    "vendors~app-cart": "chunk.98a2ad12a2b9b7ef056c.js",
    "vendors~app-checkout": "chunk.4e810b79debdd4f8aae6.js"
  }
}