{
  "title": "Política de privacidade",
  "meta_title": "Política de privacidade",
  "meta_description": "Política de privacidade",
  "body": "POLÍTICA DE PRIVACIDADE **Labomboniera**\n\nNo nosso e-commerce, seus dados são armazenados apenas quando você se cadastra ou realiza alguma compra; estes podem ser utilizados para notificações sobre seu pedido, ou mesmo para avisos de novidades e ações promocionais da **Labomboniera**.\n\nSeu e-mail também é armazenado caso você tenha se cadastrado em nossa newsletter; este fica em nossa base externa para avisos de novidades e ações promocionais da **Labomboniera**.\n\n**DADOS QUE COLETAMOS**\nEstes são os dados que coletamos. Nós informamos para você o motivo de coletarmos todos estes dados e com quem os compartilhamos. Além disso, esclarecemos as finalidades que lhes serão destinadas (cumprir obrigações legais, atender suas expectativas e otimizar nossa relação, basicamente). Na tabela abaixo trazemos uma versão simplificada dos seus dados que gerenciamos e para que o fazemos. Lembre-se: em nossa política poderá ver com muito mais precisão para qual finalidade utilizamos seus dados!\n\n**PRAZO E LOCAL DE ARMAZENAMENTO DOS DADOS**\nDados pessoais, prazo de armazenamento, fundamento legal\n\nDados cadastrais: 5 (cinco) anos após o término da relação (Art. 12 e 34 do código de defesa do consumidor).\n\nOutros dados: enquanto durar a relação e não houver pedido de apagamento ou revogação de consentimento (Art. 9, inciso ii da lei geral de proteção de dados pessoais).\n\n**ACESSIBILIDADE DOS DADOS PESSOAIS**\nPodemos coletar ou você poderá nos fornecer seu nome completo, empresa, telefone, cidade, whatsapp para a sua identificação.\n\nDados como CPF, CNPJ somente é solicitado para transação comercial que ocorre por e-commerce , para comercialização de produtos **Labomboniera**.\n\nEsses dados ficam armazenados em nossa base específica comercial.\n\nTambém coletamos, caso necessário, algumas informações técnicas do seu dispositivo, tais como, a versão do sistema operacional, a sua geolocalização, os aplicativos instalados, IP e porta lógica de origem, registros de interações com a **Labomboniera**, telas acessadas, session ID e dados públicos do seu Facebook, visando ampliar o nosso relacionamento, cumprir com obrigações legais, dentre outras finalidades.\n\nRecomendamos que você analise a nossa política onde constam mais detalhadamente as finalidades de uso de dados que coletamos. Também, usamos esses dados para informar sobre nossos produtos e serviços, de acordo com seu perfil. Além disso, estes também são utilizados para a sua proteção, seja para cumprir obrigações legais e assim assegurar seus direitos ou até mesmo para prevenir alguma fraude.\n\n**CANAL DE CONTATO**\nEm caso de qualquer dúvida com relação às disposições da política, você poderá entrar em contato por meio do e-mail: **[comercial@labomboniera.com.br](mailto:**comercial@labomboniera.com.br**)**\n\nSua compra segura Leia as informações sobre segurança, qualquer dúvida entre em contato através do atendimento! Nós temos um especial compromisso com você, nosso cliente, quanto à segurança e privacidade de seus dados. O respeito ao cliente e o sigilo de suas informações é muito importante para nós. Por isso, você, cliente **Labomboniera**, tem a garantia que sua compra é segura. Nos comprometemos a preservar os dados de todos os clientes, informações importantes como senha e CPF são criptografadas no momento do cadastro, antes de serem salvas. A finalização da sua compra será realizada em ambiente seguro e nenhuma informação relacionada a cartões de crédito ou contas bancárias será armazenada em nossos bancos de dados. Os dados cadastrais dos clientes não são vendidos, trocados ou divulgados para terceiros, exceto quando essas informações são necessárias para o processo de entrega, para cobrança, ou para participação em promoções solicitadas pelos clientes. Seus dados pessoais são peça fundamental para que seu pedido chegue em segurança, na sua casa, de acordo com nosso prazo de entrega. Nosso site utiliza cookies e informações de sua navegação (sessão do browser) com o objetivo de traçar um perfil do público que visita o site e aperfeiçoar sempre nossos serviços, produtos, conteúdos e garantir as melhores ofertas e promoções para você. Estas informações são registradas automaticamente e serão mantidas em sigilo absoluto. Qualquer alteração sobre nossa política de privacidade será devidamente informada nesta página.",
  "sections": [
    {
      "type": "breadcrumbs",
      "enabled": true
    },
    {
      "type": "page-title"
    },
    {
      "type": "extra-page",
      "enabled": true
    },
    {
      "type": "info-bar",
      "enabled": true
    }
  ]
}