{
  "title": "Sobre nós",
  "meta_title": "Sobre nós",
  "meta_description": "Sobre nós",
  "body": "<!--StartFragment-->\n\nQUEM SOMOS:\n\nNo ano de 2003, minha avó Edda Di Scola Amorosino, estava procurando as lembrancinhas para o meu aniversário de 15 anos mas não encontrava nada que marcasse o momento como ela gostaria. Então, em uma de suas viagem à Itália encontrou \"a\" lembrancinha.\n\nQuando voltou ao Brasil ela resolveu criar a \"Arte em Souvenir\" com um anúncio semanal em uma revista de São Paulo, trabalhando em casa e difundindo a cultura italiana de agradecer e presentear os convidados com lembrancinhas marcantes e contando sempre com a tradição das amêndoas confeitadas, i confetti.\n\nHoje, atendemos em um ateliê com hora marcada na Bela Vista, e contamos com mais de 300 modelos de lembrancinhas para todos os tipos de eventos como noivados, casamentos, nascimentos, batizados, primeira comunhão, bodas, aniversários...\n\n\n\n\n\nTelefone: (11)3287.1122 | Atendimento no ateliê com hora marcada. Ligue e agende sua visita! \n\n\n\nWhatsApp: [(11) 95117.1267](https://api.whatsapp.com/send?1=pt_BR&phone=55011951171267) | [comercial@labomboniera.com.br](mailto:comercial@labomboniera.com.br)\n\n<!--EndFragment-->",
  "sections": [
    {
      "type": "page-title"
    },
    {
      "type": "extra-page",
      "enabled": true
    },
    {
      "type": "dynamic-showcase",
      "load_more": false,
      "sort": "news"
    },
    {
      "type": "info-bar",
      "enabled": true
    }
  ]
}