{
  "meta_title": "",
  "meta_description": "",
  "sections": [
    {
      "type": "banner-slider",
      "autoplay": 9000,
      "full_width": true,
      "slides": [
        {
          "start": "2022-08-17T00:00:52.044Z",
          "end": "",
          "img": "/img/uploads/robe-personalizado-noivas.jpg",
          "mobile_img": "/img/uploads/robe-personalizado-noivas-mobile.jpg"
        },
        {
          "start": "2022-08-17T00:23:54.987Z",
          "end": "",
          "img": "/img/uploads/slide-amendoas.jpg",
          "mobile_img": "/img/uploads/slide-amendoas-mobile.jpg"
        }
      ]
    },
    {
      "type": "banners-grid",
      "banners": [
        {
          "img": "/img/uploads/bebe.jpg"
        },
        {
          "img": "/img/uploads/celebrar.jpg"
        },
        {
          "img": "/img/uploads/casamento.jpg"
        }
      ]
    },
    {
      "type": "dynamic-showcase",
      "load_more": false,
      "sort": "offers"
    },
    {
      "type": "collection-shelf",
      "shuffle": false,
      "limit": 12,
      "page": 1,
      "collection_id": null,
      "sort": "news",
      "title": "Em Destaque "
    },
    {
      "type": "info-bar",
      "enabled": true
    }
  ]
}